[
	{"id":24,"firstname":"John","lastname":"Doe","age":21},
	{"id":1,"firstname":"Alex","lastname":"Doe","age":21},
	{"id":12,"firstname":"Peter","lastname":"Doe","age":21},
	{"id":3,"firstname":"Teacy","lastname":"Doe","age":21},
	{"id":41,"firstname":"Jen","lastname":"Doe","age":21},
	{"id":66,"firstname":"Adam","lastname":"Doe","age":21},
	{"id":11,"firstname":"Janet","lastname":"Doe","age":21},
	{"id":62,"firstname":"Paulette","lastname":"Doe","age":21},
	{"id":87,"firstname":"Liz","lastname":"Doe","age":21}
]