[
	{"id":0,"firstname":"John","lastname":"Doe","phone":"123-456-7890"},
	{"id":1,"firstname":"Jane","lastname":"Doe","phone":"123-456-7890"},
	{"id":2,"firstname":"Alex","lastname":"Doe","phone":"123-456-7890"},
	{"id":3,"firstname":"Frank","lastname":"Doe","phone":"123-456-7890"},
	{"id":4,"firstname":"Alice","lastname":"Doe","phone":"123-456-7890"},
	{"id":5,"firstname":"Amy","lastname":"Doe","phone":"123-456-7890"},
	{"id":6,"firstname":"Ralph","lastname":"Doe","phone":"123-456-7890"},
	{"id":7,"firstname":"Glenn","lastname":"Doe","phone":"123-456-7890"},
	{"id":42,"firstname":"Jimmy","lastname":"Warren","phone":"123-456-7890"},
	{"id":8,"firstname":"Paz","lastname":"Doe","phone":"123-456-7890"}
]
