[
	{"id":1,"firstname":"John","lastname":"Doe","age":42},
	{"id":2,"firstname":"Alex","lastname":"Jones","age":23},
	{"id":3,"firstname":"Mitchell","lastname":"Anders","age":45},
	{"id":4,"firstname":"Raul","lastname":"Santos","age":34},
	{"id":5,"firstname":"Evelyn","lastname":"Sander","age":22},
	{"id":6,"firstname":"Kim","lastname":"Peters","age":67},
	{"id":7,"firstname":"Peter","lastname":"Kim","age":47},
	{"id":8,"firstname":"Nancy","lastname":"Jones","age":35},
	{"id":9,"firstname":"Rashida","lastname":"Bahamut","age":29},
	{"id":10,"firstname":"Phuong","lastname":"Kim","age":28}
]