<?xml version="1.0" encoding="utf-8" ?><dwsync><file name="nb_home_news_over.gif" server="ftp.tripod.com" local="-5127411956025655296" remote="-4287356081375543296" /><file name="nb_standings_over.gif" server="ftp.tripod.com" local="-5127411956025655296" remote="-4287355823677505536" /><file name="nb_monthly_standings_over.gif" server="ftp.tripod.com" local="-5127411956025655296" remote="-4287356081375543296" /><file name="nb_look_up_player_over.gif" server="ftp.tripod.com" local="-5127411956025655296" remote="-4287356081375543296" /><file name="nb_odds_over.gif" server="ftp.tripod.com" local="-5127411956025655296" remote="-4287356081375543296" /><file name="nb_editors_picks_over.gif" server="ftp.tripod.com" local="-5126411606602809344" remote="-4287356081375543296" /><file name="nb_rules_prizes_over.gif" server="ftp.tripod.com" local="-5127411956025655296" remote="-4287355823677505536" /><file name="nb_sign_up_over.gif" server="ftp.tripod.com" local="-5127411956025655296" remote="-4287355823677505536" /><file name="nb_make_picks_over.gif" server="ftp.tripod.com" local="-5127411956025655296" remote="-4287356081375543296" /><file name="n_quest.gif" server="ftp.tripod.com" local="-5127417268900200448" remote="-4287356081375543296" /><file name="n_lefthorse-leftside.jpg" server="ftp.tripod.com" local="-5127411964615589888" remote="-4287356081375543296" /><file name="n_lefthorse-rightside.jpg" server="ftp.tripod.com" local="-5127411964615589888" remote="-4287356081375543296" /><file name="n_drf_logo.gif" server="ftp.tripod.com" local="-5127411956025655296" remote="-4287356081375543296" /><file name="n_quest_shadow.gif" server="ftp.tripod.com" local="-5127411956025655296" remote="-4287356081375543296" /><file name="n_phlogo-top.jpg" server="ftp.tripod.com" local="-5127411964615589888" remote="-4287356081375543296" /><file name="n_phlogo-middle.gif" server="ftp.tripod.com" local="-5127411956025655296" remote="-4287356081375543296" /><file name="n_phlogo-bottom.jpg" server="ftp.tripod.com" local="-5127411956025655296" remote="-4287356081375543296" /><file name="n_righthorse-leftside.jpg" server="ftp.tripod.com" local="-5127411956025655296" remote="-4287356081375543296" /><file name="n_righthorse-rightside.jpg" server="ftp.tripod.com" local="-5127411956025655296" remote="-4287356081375543296" /><file name="n_ntra_logo.gif" server="ftp.tripod.com" local="-5123340129460551680" remote="-4287356081375543296" /><file name="spacer.gif" server="ftp.tripod.com" local="-5127411964615589888" remote="-4287355823677505536" /><file name="n_endofbar-left.gif" server="ftp.tripod.com" local="-5127411956025655296" remote="-4287356081375543296" /><file name="n_button_spacer.gif" server="ftp.tripod.com" local="-5127411956025655296" remote="-4287356081375543296" /><file name="nb_home_news.gif" server="ftp.tripod.com" local="-5127411956025655296" remote="-4287356081375543296" /><file name="nb_standings.gif" server="ftp.tripod.com" local="-5127411956025655296" remote="-4287355823677505536" /><file name="nb_monthly_standings.gif" server="ftp.tripod.com" local="-5127411956025655296" remote="-4287356081375543296" /><file name="nb_look_up_player.gif" server="ftp.tripod.com" local="-5127411956025655296" remote="-4287356081375543296" /><file name="nb_odds.gif" server="ftp.tripod.com" local="-5127411956025655296" remote="-4287356081375543296" /><file name="nb_editors_picks.gif" server="ftp.tripod.com" local="-5126411606602809344" remote="-4287356081375543296" /><file name="nb_rules_prizes.gif" server="ftp.tripod.com" local="-5127411956025655296" remote="-4287355823677505536" /><file name="nb_sign_up.gif" server="ftp.tripod.com" local="-5127411956025655296" remote="-4287355823677505536" /><file name="nb_make_picks.gif" server="ftp.tripod.com" local="-5127411956025655296" remote="-4287356081375543296" /><file name="n_endofbar-right.gif" server="ftp.tripod.com" local="-5127411956025655296" remote="-4287356081375543296" /></dwsync>