[
  {"id":1,"firstname":"John","lastname":"Doe","age":42},
  {"id":2,"firstname":"John","lastname":"Doe","age":12},
  {"id":3,"firstname":"John","lastname":"Doe","age":11},
  {"id":4,"firstname":"John","lastname":"Doe","age":25},
  {"id":5,"firstname":"John","lastname":"Doe","age":67},
  {"id":6,"firstname":"John","lastname":"Doe","age":54},
  {"id":7,"firstname":"John","lastname":"Doe","age":22},
  {"id":8,"firstname":"John","lastname":"Doe","age":44},
  {"id":9,"firstname":"John","lastname":"Doe","age":39},
  {"id":10,"firstname":"John","lastname":"Doe","age":27},
  {"id":11,"firstname":"John","lastname":"Doe","age":7}
]
