{
	"request_timestamp":1480522925696,
	"booklist":
		[{"id":1,"title":"nulla tellus in sagittis","author":"Kathryn Andrews","description":"Cum sociis natoque penatibus et magnis dis parturient montes, nascetur ridiculus mus. Vivamus vestibulum sagittis sapien. Cum sociis natoque penatibus et magnis dis parturient montes, nascetur ridiculus mus. Etiam vel augue. Vestibulum rutrum rutrum neque.","publish_date":"10/19/2016","isbn":"310254912-8"},
		{"id":2,"title":"ultrices posuere cubilia curae nulla dapibus","author":"Eugene Perry","description":"Nunc purus. Phasellus in felis. Donec semper sapien a libero. Nam dui. Proin leo odio, porttitor id, consequat in, consequat ut, nulla. Sed accumsan felis. Ut at dolor quis odio consequat varius. Integer ac leo.","publish_date":"12/11/2015","isbn":"820010165-7"},
		{"id":3,"title":"nulla mollis molestie lorem quisque ut erat","author":"Susan Gonzalez","description":"Integer ac leo. Pellentesque ultrices mattis odio. Donec vitae nisi. Nam ultrices, libero non mattis pulvinar, nulla pede ullamcorper augue, a suscipit nulla elit ac nulla. Sed vel enim sit amet nunc viverra dapibus. Nulla suscipit ligula in lacus. Curabitur at ipsum ac tellus semper interdum. Mauris ullamcorper purus sit amet nulla. Quisque arcu libero, rutrum ac, lobortis vel, dapibus at, diam. Nam tristique tortor eu pede.","publish_date":"9/27/2016","isbn":"094513180-1"},
		{"id":4,"title":"proin eu mi nulla ac enim in tempor","author":"Raymond Carter","description":"Donec ut mauris eget massa tempor convallis. Nulla neque libero, convallis eget, eleifend luctus, ultricies eu, nibh. Quisque id justo sit amet sapien dignissim vestibulum. Vestibulum ante ipsum primis in faucibus orci luctus et ultrices posuere cubilia Curae; Nulla dapibus dolor vel est. Donec odio justo, sollicitudin ut, suscipit a, feugiat et, eros.","publish_date":"9/18/2016","isbn":"364367412-0"},
		{"id":5,"title":"suscipit a feugiat","author":"Irene Lee","description":"Proin at turpis a pede posuere nonummy. Integer non velit. Donec diam neque, vestibulum eget, vulputate ut, ultrices vel, augue. Vestibulum ante ipsum primis in faucibus orci luctus et ultrices posuere cubilia Curae; Donec pharetra, magna vestibulum aliquet ultrices, erat tortor sollicitudin mi, sit amet lobortis sapien sapien non mi. Integer ac neque. Duis bibendum. Morbi non quam nec dui luctus rutrum.","publish_date":"6/22/2016","isbn":"388100281-2"},
		{"id":6,"title":"quis orci eget orci vehicula condimentum curabitur in libero ut massa","author":"Benjamin Rice","description":"Proin interdum mauris non ligula pellentesque ultrices. Phasellus id sapien in sapien iaculis congue. Vivamus metus arcu, adipiscing molestie, hendrerit at, vulputate vitae, nisl. Aenean lectus. Pellentesque eget nunc. Donec quis orci eget orci vehicula condimentum. Curabitur in libero ut massa volutpat convallis.","publish_date":"5/15/2016","isbn":"632242099-2"},
		{"id":7,"title":"eu est congue elementum in hac habitasse platea dictumst morbi","author":"Eric Lopez","description":"Phasellus sit amet erat. Nulla tempus. Vivamus in felis eu sapien cursus vestibulum. Proin eu mi. Nulla ac enim. In tempor, turpis nec euismod scelerisque, quam turpis adipiscing lorem, vitae mattis nibh ligula nec sem.","publish_date":"3/5/2016","isbn":"892671353-9"},
		{"id":8,"title":"sit amet erat nulla tempus","author":"Sharon Meyer","description":"Duis at velit eu est congue elementum. In hac habitasse platea dictumst. Morbi vestibulum, velit id pretium iaculis, diam erat fermentum justo, nec condimentum neque sapien placerat ante. Nulla justo.","publish_date":"8/16/2016","isbn":"095733481-8"},
		{"id":9,"title":"vestibulum velit id pretium iaculis diam erat fermentum justo","author":"Joseph Hansen","description":"Aliquam sit amet diam in magna bibendum imperdiet. Nullam orci pede, venenatis non, sodales sed, tincidunt eu, felis. Fusce posuere felis sed lacus. Morbi sem mauris, laoreet ut, rhoncus aliquet, pulvinar sed, nisl. Nunc rhoncus dui vel sem. Sed sagittis. Nam congue, risus semper porta volutpat, quam pede lobortis ligula, sit amet eleifend pede libero quis orci.","publish_date":"7/27/2016","isbn":"522136896-X"},
		{"id":10,"title":"integer aliquet massa id lobortis convallis tortor risus dapibus augue","author":"Billy Little","description":"Nulla tempus. Vivamus in felis eu sapien cursus vestibulum. Proin eu mi. Nulla ac enim. In tempor, turpis nec euismod scelerisque, quam turpis adipiscing lorem, vitae mattis nibh ligula nec sem. Duis aliquam convallis nunc. Proin at turpis a pede posuere nonummy. Integer non velit.","publish_date":"10/22/2016","isbn":"405114857-2"},
		{"id":11,"title":"fusce consequat nulla nisl nunc","author":"Michael Hicks","description":"Nullam porttitor lacus at turpis. Donec posuere metus vitae ipsum. Aliquam non mauris. Morbi non lectus. Aliquam sit amet diam in magna bibendum imperdiet.","publish_date":"5/24/2016","isbn":"273503211-6"},
		{"id":12,"title":"nonummy integer non velit donec diam neque vestibulum","author":"Diane Ramirez","description":"Donec semper sapien a libero. Nam dui. Proin leo odio, porttitor id, consequat in, consequat ut, nulla. Sed accumsan felis. Ut at dolor quis odio consequat varius. Integer ac leo. Pellentesque ultrices mattis odio. Donec vitae nisi. Nam ultrices, libero non mattis pulvinar, nulla pede ullamcorper augue, a suscipit nulla elit ac nulla. Sed vel enim sit amet nunc viverra dapibus.","publish_date":"2/19/2016","isbn":"685151828-7"},
		{"id":13,"title":"scelerisque mauris sit amet eros suspendisse accumsan tortor quis","author":"Jason Simmons","description":"Mauris ullamcorper purus sit amet nulla. Quisque arcu libero, rutrum ac, lobortis vel, dapibus at, diam. Nam tristique tortor eu pede.","publish_date":"12/25/2015","isbn":"120340473-5"},
		{"id":14,"title":"sed tristique in tempus sit amet sem fusce consequat nulla","author":"David Ryan","description":"Fusce congue, diam id ornare imperdiet, sapien urna pretium nisl, ut volutpat sapien arcu sed augue. Aliquam erat volutpat. In congue. Etiam justo. Etiam pretium iaculis justo. In hac habitasse platea dictumst. Etiam faucibus cursus urna.","publish_date":"5/27/2016","isbn":"928692312-0"},
		{"id":15,"title":"et ultrices posuere","author":"Frances Ross","description":"Proin leo odio, porttitor id, consequat in, consequat ut, nulla. Sed accumsan felis. Ut at dolor quis odio consequat varius. Integer ac leo. Pellentesque ultrices mattis odio. Donec vitae nisi. Nam ultrices, libero non mattis pulvinar, nulla pede ullamcorper augue, a suscipit nulla elit ac nulla. Sed vel enim sit amet nunc viverra dapibus. Nulla suscipit ligula in lacus.","publish_date":"11/2/2016","isbn":"108017928-3"},
		{"id":16,"title":"libero nam dui proin leo","author":"Brenda Gardner","description":"Maecenas tincidunt lacus at velit. Vivamus vel nulla eget eros elementum pellentesque. Quisque porta volutpat erat. Quisque erat eros, viverra eget, congue eget, semper rutrum, nulla. Nunc purus. Phasellus in felis. Donec semper sapien a libero. Nam dui. Proin leo odio, porttitor id, consequat in, consequat ut, nulla. Sed accumsan felis.","publish_date":"8/2/2016","isbn":"128343899-2"},
		{"id":17,"title":"ultrices libero non","author":"Jerry Cruz","description":"Nullam orci pede, venenatis non, sodales sed, tincidunt eu, felis. Fusce posuere felis sed lacus. Morbi sem mauris, laoreet ut, rhoncus aliquet, pulvinar sed, nisl.","publish_date":"9/3/2016","isbn":"759855949-X"},
		{"id":18,"title":"odio curabitur convallis duis consequat dui nec nisi volutpat","author":"Karen Snyder","description":"Etiam justo. Etiam pretium iaculis justo. In hac habitasse platea dictumst.","publish_date":"1/6/2016","isbn":"105114493-0"},
		{"id":19,"title":"congue eget semper rutrum nulla nunc purus","author":"Carlos Myers","description":"Vestibulum ante ipsum primis in faucibus orci luctus et ultrices posuere cubilia Curae; Donec pharetra, magna vestibulum aliquet ultrices, erat tortor sollicitudin mi, sit amet lobortis sapien sapien non mi. Integer ac neque. Duis bibendum. Morbi non quam nec dui luctus rutrum.","publish_date":"6/6/2016","isbn":"901879342-6"},
		{"id":20,"title":"bibendum felis sed interdum venenatis turpis enim blandit mi in porttitor pede","author":"Arthur Meyer","description":"Curabitur in libero ut massa volutpat convallis. Morbi odio odio, elementum eu, interdum eu, tincidunt in, leo. Maecenas pulvinar lobortis est.","publish_date":"4/5/2016","isbn":"157862768-0"}]
}


