[
	{"firstname":"John", "lastname":"Doe", "age":32},
	{"firstname":"John", "lastname":"Doe", "age":32},
	{"firstname":"John", "lastname":"Doe", "age":32},
	{"firstname":"John", "lastname":"Doe", "age":32},
	{"firstname":"John", "lastname":"Doe", "age":32},
	{"firstname":"John", "lastname":"Doe", "age":32},
	{"firstname":"John", "lastname":"Doe", "age":32},
	{"firstname":"John", "lastname":"Doe", "age":32},
	{"firstname":"John", "lastname":"Doe", "age":32},
	{"firstname":"John", "lastname":"Doe", "age":32},
	{"firstname":"John", "lastname":"Doe", "age":32},
	{"firstname":"John", "lastname":"Doe", "age":32},
	{"firstname":"John", "lastname":"Doe", "age":32},
	{"firstname":"John", "lastname":"Doe", "age":32},
	{"firstname":"John", "lastname":"Doe", "age":32},
	{"firstname":"John", "lastname":"Doe", "age":32}
]