[
	{ "firstname": "John1", "lastname": "Doe1", "code": "1G4" },
	{ "firstname": "John2", "lastname": "Doe2", "code": "1G4" },
	{ "firstname": "John3", "lastname": "Doe3", "code": "1G4" },
	{ "firstname": "John4", "lastname": "Doe4", "code": "1G4" },
	{ "firstname": "John5", "lastname": "Doe5", "code": "1G4" },
	{ "firstname": "John6", "lastname": "Doe6", "code": "1G4" },
	{ "firstname": "John7", "lastname": "Doe7", "code": "1G4" },
	{ "firstname": "John8", "lastname": "Doe8", "code": "1G4" },
	{ "firstname": "John9", "lastname": "Doe9", "code": "1G4" },
	{ "firstname": "John10", "lastname": "Doe10", "code": "1G4" }
]
