[
	{ "firstname": "Peter", "lastname": "Griffin", "email": "pgriffin@mail.com" },
	{ "firstname": "Glenn", "lastname": "Quagmire", "email": "giggity@mail.com" },
	{ "firstname": "Cleveland", "lastname": "Brown", "email": "cleve@mail.com" },
	{ "firstname": "Homer", "lastname": "Simpson", "email": "dohh@mail.com" },
	{ "firstname": "Marge", "lastname": "Simpson", "email": "msimpson@mail.com" },
	{ "firstname": "Sterling", "lastname": "Archer", "email": "triplezero@mail.com" },
	{ "firstname": "Lana", "lastname": "Kane", "email": "dangerzone@mail.com" }
]